A14,B15A,B17,B17,A51,B17,F1a_h,B15A,A7A,B15A,B15A,A7A,B17,A7A,A23,A13
m,F4b,F4b,C3,begin,F4b,F1,F1,F1,C37,F4b,F4b
C29,C43,C43
E3,E1,E1,C3
E7,E5,E5
C1,m
C35,C43,C43,C43,C43
D9,D7,D7,D7,D7,D7,D7,D7,D7
E9cd,E9b,E9b,E9b
F1,m,m,m,m,m,F4b,m,m
A51,A23,B17,C31,A7A,B15A,A31,B15A,A29,A14
C43,m,C3,C3,m,C29,C3,C11,C3,C3,C23,C21,C3,C23,C29,C3,C3,C11,C11,C23,C3,C23,C3
F23A,F12a
F19,F45,F45,E9b,F45
begin,m,m,end,lang,end,F4b,end,m,lang,end,lang,lang,m,end,end,lang,F4b,F1,lang,lang,lang,F1a_h,end,end,F4b,end,m,lang,end,end,lang,F1,m,lang,end,m,F59,F4b,end,lang,lang,m,m,F4b
E1,C21,E5
X,F4b
A25,A31,A1AB,B17,A14,B17
E9b,E9e,E9cd,D5
F12a,F27
F4b,m,F1,F1,m,m
F87,F49,F50,F49
C23,C3
F29,F23A
C31,C43
e0c,F4b,F4b,end,end,begin,begin,F4b,end,m
B15A,A1AB,A14,A14,A14,A14,A23,A14,A23,B17,F4b,B17,B17,A1AB,A23,A14,A14,A25,B17,A1AB,A31,A23,A51,B17
lang,begin,end,begin,end,end,begin,end,end,begin,begin,end,begin,end
A23,B17,B15A,A7B,B15A,A14,B17,B17,B17,B15A,B15A,A7A,B15A,A51,A1AB,A14,A7A,B15A,B17,A31
F45,F19
F50,F49,F49,F49,end,F49,F49,F49,F87,F49
A1AB,A1CD,B15A,B15A,B15A,A51,A7B,A23,B17,A14,A1CD,A25
F33_34,F4b,m
A23_yellow,B15A
F3a_h,m
B17,A51,A7A,B15A,A23,A1AB,A1CD,A23,B15A,B15A,A51,A14,A14,B15A,A31,B15A,B15A,B15A,B15A,A1AB,A7B,A14,B15A,A7A,A14,A14,A7A,A1CD,B15A,A23,B15A,A31,A23,A7B,A14
C37,F4b,F4b,C1
C21,C43,C43,C43,C43,C43,C43,C23,C43
F1a_h,m,F1
end,begin,lang,lang,lang,lang,lang,lang,lang,begin,begin,begin,lang,lang,begin,lang,lang,B17,begin,lang,lang,begin,begin
A7A,A7B,B17,A7B,A7B,A23,A23,B17,B15A,B17,A7B,A51
C3,C11,C43,F1,m,C23,C43,m,F4b,m,C43,C43,m,C43,C43,C1,C43,C23
A29,A1CD
Handic,F19,E9b
D1e,D7,F45
E9a_miva,E9a,E9b,E9a,E9a,E9a
A15,B17,B17,B15A,B15A
F49,F87,F50
A1CD,B15A,A51,B15A,A23,A51,B17,B15A,A31
A7B,B17,A31,A31,A7A,B17,A7A,A23
A31,A23,B15A,A7B,A23,A1CD,A1CD,B15A
F47,F3a_h,F49
D7,D9,D5,D5,D5,F29,D9
